OrderID,OrderDate,Category,SubCategory,Sales,Quantity,Discount,Profit,CustomerSegment,Region
ORD-1001,2023-01-15,Electronics,Phones,899.99,1,0.1,120.00,Consumer,East
ORD-1002,2023-01-16,Furniture,Chairs,350.50,2,0.0,45.20,Corporate,West
ORD-1003,2023-01-18,Office Supplies,Storage,45.00,5,0.2,8.50,Consumer,South
ORD-1004,2023-01-20,Electronics,Accessories,120.00,3,0.0,30.00,Home Office,Central
ORD-1005,2023-01-22,Technology,Machines,1499.00,1,0.15,210.00,Corporate,East
ORD-1006,2023-01-25,Furniture,Tables,620.00,1,0.25,-40.00,Consumer,West
ORD-1007,2023-01-28,Office Supplies,Paper,28.50,10,0.0,12.00,Consumer,Central
ORD-1008,2023-02-02,Electronics,Phones,1199.00,2,0.0,240.00,Corporate,East
ORD-1009,2023-02-05,Technology,Copiers,850.00,1,0.1,95.00,Home Office,South
ORD-10010,2023-02-10,Office Supplies,Binders,15.20,4,0.0,6.10,Consumer,West
ORD-10011,2023-02-14,Furniture,Furnishings,185.00,2,0.05,32.00,Corporate,East
ORD-10012,2023-02-18,Electronics,Accessories,75.00,2,0.0,18.00,Consumer,South
