square_feet,bedrooms,bathrooms,age_years,location,garage,price
1500,3,2,10,Suburbs,Yes,320000
2200,4,3,5,Urban,Yes,480000
1100,2,1,25,Suburbs,No,210000
3100,5,4,2,Downtown,Yes,750000
1800,3,2,15,Suburbs,Yes,360000
2500,4,3,8,Downtown,Yes,590000
950,2,1,30,Rural,No,175000
1400,3,2,12,Suburbs,Yes,295000
2800,4,3.5,4,Downtown,Yes,680000
1650,3,2,18,Rural,Yes,280000
2000,3,2.5,7,Suburbs,Yes,420000
3400,5,4.5,1,Downtown,Yes,890000
1250,2,1.5,20,Suburbs,No,240000
2100,4,2.5,9,Urban,Yes,460000
1750,3,2,11,Suburbs,Yes,370000
2900,4,3,3,Downtown,Yes,690000
1050,2,1,28,Rural,No,185000
1900,3,2,6,Urban,Yes,410000
2600,4,3,4,Suburbs,Yes,540000
1350,3,1.5,14,Suburbs,No,275000
3200,5,4,3,Downtown,Yes,810000
1550,3,2,8,Suburbs,Yes,330000
2350,4,3,5,Urban,Yes,510000
1150,2,1,22,Suburbs,No,225000
2750,4,3.5,2,Downtown,Yes,660000
